seed,optimize_prior,samples,linearized_pred,kfac,diffrax,solver,pcoeff,icoeff,savefig,epochs,accuracy_MAP,nll_MAP,brier_MAP,ece_map,mce_map,accuracy_posterior,nll_posterior,brier_posterior,ece_posterior,mce_posterior,accuracy_laplace,nll_laplace,brier_laplace,ece_laplace,mce_laplace,Total_time,Exmap_time,Laplace_time,NetworkTraining_time,,pcoeff,icoeff,avg_time,avg_acc,avg_ece,avg_mce
0,False,100,False,False,True,dopri5,0.2,0.3,True,2000,86.79245,0.450937139068673,0.106169163808924,8.257479,30.275726,87.16981,0.285905464786312,0.0889297170325753,2.135723,9.401542,55.723267,0.689351439063093,0.248044490098364,1.142853,3.2296658,269.916756629944,255.292826652527,2.08760380744934,3.94377255439758,,0.2,0.3,282.328501880169,87.16981,2.385175275,9.649741875
1,False,100,False,False,True,dopri5,0.2,0.3,True,2000,85.78616,0.364801503676541,0.0994204026998473,7.2213984,33.67774,87.16981,0.291946954235064,0.0903203143968761,2.9769309,11.775184,57.735847,0.683535613873433,0.245208010621185,4.897821,4.897821,308.653599023819,304.105461835861,0.988584041595459,2.27791810035706,,0.2,0.4,292.147282898426,87.0440225,2.110755625,6.145273
2,False,100,False,False,True,dopri5,0.2,0.3,True,2000,86.41509,0.415031246907746,0.102564610772323,7.591371,18.24968,87.04402,0.286766306331033,0.0899574418567937,2.0614424,10.405988,53.710693,0.686262900489997,0.246588207427922,0.5725129,19.127237,258.276259422302,252.64182972908,1.35417127609253,2.64486265182495,,0.3,0.3,301.066049277782,87.106914,2.54049085,9.194825575
3,False,100,False,False,True,dopri5,0.2,0.3,True,2000,86.79245,0.382821845147225,0.0950778601735752,6.189186,17.384996,87.2956,0.294849704560888,0.0903080652505324,2.3666048,7.0162535,54.08805,0.693337238040645,0.250081208348644,1.2312934,10.738397,322.914222240448,317.273889303207,1.15574073791504,2.71782302856445,,0.3,0.4,305.37132191658,86.918235,2.296801575,8.153324025
0,False,100,False,False,True,dopri5,0.2,0.4,True,2000,86.79245,0.450937139068673,0.106169163808924,8.257479,30.275726,86.79245,0.289919517515968,0.0897373978435734,2.086157,8.776575,55.723267,0.689351439063093,0.248044490098364,1.142853,3.2296658,270.492418289185,264.705557346344,1.24513268470764,2.67753982543945,,0.2,0.5,310.384945273399,87.295595,2.770155225,8.212983725
1,False,100,False,False,True,dopri5,0.2,0.4,True,2000,85.78616,0.364801503676541,0.0994204026998473,7.2213984,33.67774,87.16981,0.288449458061505,0.0873607472242692,2.2317698,3.6193132,57.735847,0.683535613873433,0.245208010621185,4.897821,4.897821,312.73900604248,307.733844995499,0.94359302520752,2.22960519790649,,0.4,0.3,317.199113667011,87.295594,2.6782475,9.283954075
2,False,100,False,False,True,dopri5,0.2,0.4,True,2000,86.41509,0.415031246907746,0.102564610772323,7.591371,18.24968,87.04402,0.283160559666093,0.0881221088065198,2.9301393,10.147315,53.710693,0.686262900489997,0.246588207427922,0.5725129,19.127237,258.762856960297,253.6128885746,0.891540050506592,2.06156086921692,,0.4,0.4,319.805972099304,87.16981,2.367461375,7.88773735
3,False,100,False,False,True,dopri5,0.2,0.4,True,2000,86.79245,0.382821845147225,0.0950778601735752,6.189186,17.384996,87.16981,0.293734908502081,0.0907266903266887,1.1949564,2.0378888,54.08805,0.693337238040645,0.250081208348644,1.2312934,10.738397,348.017634153366,342.536840677261,0.911291599273682,2.30200695991516,,0.3,0.5,320.465374290943,87.1698115,2.694826575,8.2977205
0,False,100,False,False,True,dopri5,0.2,0.5,True,2000,86.79245,0.450937139068673,0.106169163808924,8.257479,30.275726,87.04402,0.290521958534511,0.089416290621874,2.2411447,11.020965,55.723267,0.689351439063093,0.248044490098364,1.142853,3.2296658,284.500041246414,278.926874399185,0.860683917999268,2.2994213104248,,0.2,0.6,322.569692313671,87.295595,2.9423637,6.23902175
1,False,100,False,False,True,dopri5,0.2,0.5,True,2000,85.78616,0.364801503676541,0.0994204026998473,7.2213984,33.67774,87.54717,0.283402974106133,0.0869408436455447,3.1255476,6.9171963,57.735847,0.683535613873433,0.245208010621185,4.897821,4.897821,342.187129735947,336.561987400055,0.865931749343872,2.03468465805054,,0.5,0.3,333.17715626955,86.9182385,2.3377922,8.615989775
2,False,100,False,False,True,dopri5,0.2,0.5,True,2000,86.41509,0.415031246907746,0.102564610772323,7.591371,18.24968,87.16981,0.296290825527876,0.0917615722015774,2.981897,10.731679,53.710693,0.686262900489997,0.246588207427922,0.5725129,19.127237,270.308725118637,263.748580217361,1.24054551124573,2.45640754699707,,0.4,0.5,335.682588160038,87.012575,3.164125925,11.1205665
3,False,100,False,False,True,dopri5,0.2,0.5,True,2000,86.79245,0.382821845147225,0.0950778601735752,6.189186,17.384996,87.42138,0.293821786143651,0.0903189418933577,2.7320316,4.1820946,54.08805,0.693337238040645,0.250081208348644,1.2312934,10.738397,368.616745710373,362.302339076996,1.10511183738709,2.17937779426575,,0.5,0.4,337.361255526543,87.26415,2.553178325,7.4506969
0,False,100,False,False,True,dopri5,0.2,0.6,True,2000,86.79245,0.450937139068673,0.106169163808924,8.257479,30.275726,87.04402,0.285757010095045,0.0892601576012891,2.8538878,10.064689,55.723267,0.689351439063093,0.248044490098364,1.142853,3.2296658,286.86317896843,280.643477201462,0.862005710601807,2.16427850723267,,0.2,0.7,342.733639657497,87.1069165,3.445094375,9.28980575
1,False,100,False,False,True,dopri5,0.2,0.6,True,2000,85.78616,0.364801503676541,0.0994204026998473,7.2213984,33.67774,87.04402,0.289635668019266,0.0886237253437318,2.530837,5.330336,57.735847,0.683535613873433,0.245208010621185,4.897821,4.897821,373.280476808548,366.999428987503,0.813860177993774,2.13683986663818,,0.6,0.3,343.577329993248,86.8238985,2.695917975,9.349707375
2,False,100,False,False,True,dopri5,0.2,0.6,True,2000,86.41509,0.415031246907746,0.102564610772323,7.591371,18.24968,87.54717,0.289905408819038,0.0888964061201485,2.883729,5.050498,53.710693,0.686262900489997,0.246588207427922,0.5725129,19.127237,288.006265878677,281.442811727524,0.906812191009522,2.11766791343689,,0.3,0.6,347.622226953506,87.389935,2.99238175,8.79979275
3,False,100,False,False,True,dopri5,0.2,0.6,True,2000,86.79245,0.382821845147225,0.0950778601735752,6.189186,17.384996,87.54717,0.292370117219336,0.0887759361102177,3.501001,4.510564,54.08805,0.693337238040645,0.250081208348644,1.2312934,10.738397,368.127889633179,361.193051338196,0.982599020004272,2.11352872848511,,0.6,0.4,353.665859818459,87.0754685,2.677448975,9.56738525
0,False,100,False,False,True,dopri5,0.2,0.7,True,2000,86.79245,0.450937139068673,0.106169163808924,8.257479,30.275726,86.79245,0.286036676933367,0.0905746802540911,2.7735152,8.407253,55.723267,0.689351439063093,0.248044490098364,1.142853,3.2296658,321.813881158829,314.956093072891,0.922863245010376,2.15145564079285,,0.4,0.6,354.506777405739,86.5408785,3.239690675,10.7650929
1,False,100,False,False,True,dopri5,0.2,0.7,True,2000,85.78616,0.364801503676541,0.0994204026998473,7.2213984,33.67774,87.42138,0.296706391174199,0.0902024614919693,4.23292,10.512477,57.735847,0.683535613873433,0.245208010621185,4.897821,4.897821,390.040986061096,382.948736190796,0.863896608352661,2.19838571548462,,0.3,0.7,359.887537896633,87.1069185,2.792427025,8.88512505
2,False,100,False,False,True,dopri5,0.2,0.7,True,2000,86.41509,0.415031246907746,0.102564610772323,7.591371,18.24968,87.2956,0.289418612844197,0.0896876916513525,3.7441087,13.165111,53.710693,0.686262900489997,0.246588207427922,0.5725129,19.127237,321.314642429352,314.117049217224,0.933161497116089,2.06490588188171,,0.5,0.6,360.478896558285,87.389935,3.050926425,9.5951149
3,False,100,False,False,True,dopri5,0.2,0.7,True,2000,86.79245,0.382821845147225,0.0950778601735752,6.189186,17.384996,86.918236,0.303335509428831,0.0912385387972184,3.0298336,5.074382,54.08805,0.693337238040645,0.250081208348644,1.2312934,10.738397,366.301492214203,358.912680149078,0.978966951370239,2.10302901268005,,0.6,0.5,362.074960172176,86.98113,2.3914425,8.41889865
0,False,100,False,False,True,dopri5,0.2,0.8,True,2000,86.79245,0.450937139068673,0.106169163808924,8.257479,30.275726,86.918236,0.288927330854219,0.0887557674636198,4.4652567,14.751423,55.723267,0.689351439063093,0.248044490098364,1.142853,3.2296658,332.454538345337,325.079792261124,0.961360454559326,2.05170321464539,,0.5,0.5,365.192826151848,86.98113,2.596500275,8.6643888
1,False,100,False,False,True,dopri5,0.2,0.8,True,2000,85.78616,0.364801503676541,0.0994204026998473,7.2213984,33.67774,87.42138,0.29375693918654,0.0891928156586934,2.6399424,3.9185047,57.735847,0.683535613873433,0.245208010621185,4.897821,4.897821,422.76849603653,415.554114341736,0.834254026412964,1.95088744163513,,0.2,0.8,368.061047375202,87.3899365,3.4637737,8.975637175
2,False,100,False,False,True,dopri5,0.2,0.8,True,2000,86.41509,0.415031246907746,0.102564610772323,7.591371,18.24968,87.2956,0.295686454938258,0.0910498645904825,3.5600557,8.376497,53.710693,0.686262900489997,0.246588207427922,0.5725129,19.127237,343.848771810532,336.32815861702,0.846348285675049,1.98004651069641,,0.6,0.6,370.874272406101,87.201255,2.510730025,7.923636025
3,False,100,False,False,True,dopri5,0.2,0.8,True,2000,86.79245,0.382821845147225,0.0950778601735752,6.189186,17.384996,87.92453,0.2937328856466,0.0895049163316171,3.18984,8.856124,54.08805,0.693337238040645,0.250081208348644,1.2312934,10.738397,403.17374920845,395.28212428093,0.765522480010986,2.19363522529602,,0.4,0.7,371.387556672096,86.886789,2.254842925,5.67341445
0,False,100,False,False,True,dopri5,0.2,0.9,True,2000,86.79245,0.450937139068673,0.106169163808924,8.257479,30.275726,87.2956,0.285151058766687,0.0883757872106924,2.035132,8.409098,55.723267,0.689351439063093,0.248044490098364,1.142853,3.2296658,349.049361467361,341.294728755951,0.78422474861145,1.94407892227173,,0.4,0.8,382.252570390701,87.0125765,2.623349725,7.08543795
1,False,100,False,False,True,dopri5,0.2,0.9,True,2000,85.78616,0.364801503676541,0.0994204026998473,7.2213984,33.67774,87.04402,0.29206702079534,0.0880917744561579,4.1369395,6.2647524,57.735847,0.683535613873433,0.245208010621185,4.897821,4.897821,460.39747262001,451.481728792191,1.08618021011353,2.40231013298035,,0.5,0.7,386.647046625614,86.9496825,2.41745745,7.2797342
2,False,100,False,False,True,dopri5,0.2,0.9,True,2000,86.41509,0.415031246907746,0.102564610772323,7.591371,18.24968,87.2956,0.287973273160943,0.0892779694475301,2.3478446,4.8547688,53.710693,0.686262900489997,0.246588207427922,0.5725129,19.127237,357.518421888351,348.930223941803,1.0323166847229,2.11674332618713,,0.5,0.8,389.802805185318,87.2955975,2.30871265,9.571968075
3,False,100,False,False,True,dopri5,0.2,0.9,True,2000,86.79245,0.382821845147225,0.0950778601735752,6.189186,17.384996,86.79245,0.295813768600363,0.0904834477776114,3.403653,5.1424384,54.08805,0.693337238040645,0.250081208348644,1.2312934,10.738397,446.334584474564,437.532605886459,1.00413846969605,2.1191999912262,,0.3,0.8,390.096207499504,87.0754715,3.2355191,8.896879925
0,False,100,False,False,True,dopri5,0.2,1,True,2000,86.79245,0.450937139068673,0.106169163808924,8.257479,30.275726,86.918236,0.293589577994388,0.0923553558754802,2.6659143,8.902985,55.723267,0.689351439063093,0.248044490098364,1.142853,3.2296658,391.84406542778,382.207969427109,0.798128366470337,2.06572794914246,,0.2,0.9,394.809821844101,87.1069175,2.980892275,6.1677644
1,False,100,False,False,True,dopri5,0.2,1,True,2000,85.78616,0.364801503676541,0.0994204026998473,7.2213984,33.67774,87.42138,0.293774829161474,0.0895345822838232,3.4112942,4.156536,57.735847,0.683535613873433,0.245208010621185,4.897821,4.897821,455.638629436493,446.550138950348,1.05176115036011,2.25506448745728,,0.6,0.7,400.224927842617,86.63521625,3.44123005,11.898332
2,False,100,False,False,True,dopri5,0.2,1,True,2000,86.41509,0.415031246907746,0.102564610772323,7.591371,18.24968,87.16981,0.293899360333198,0.0902098589238585,2.9534798,7.0252895,53.710693,0.686262900489997,0.246588207427922,0.5725129,19.127237,387.995483398437,379.276654005051,0.833125352859497,1.92838740348816,,0.4,0.9,403.545978486538,87.295595,2.7447789,8.323865675
3,False,100,False,False,True,dopri5,0.2,1,True,2000,86.79245,0.382821845147225,0.0950778601735752,6.189186,17.384996,86.666664,0.30524488917562,0.0923011208393745,3.3223324,5.9190035,54.08805,0.693337238040645,0.250081208348644,1.2312934,10.738397,506.204342603683,496.857080698013,0.8949875831604,2.08216381072998,,0.3,0.9,413.935399770737,87.264149,3.11718575,7.432313925
0,False,100,False,False,True,dopri5,0.3,0.3,True,2000,86.79245,0.450937139068673,0.106169163808924,8.257479,30.275726,86.918236,0.297856102514617,0.092026618809975,2.3404815,9.648741,55.723267,0.689351439063093,0.248044490098364,1.142853,3.2296658,277.643570184708,267.975924491882,0.923454284667969,2.12834882736206,,0.6,0.8,417.564791202545,86.7924495,2.570651575,9.209140175
1,False,100,False,False,True,dopri5,0.3,0.3,True,2000,85.78616,0.364801503676541,0.0994204026998473,7.2213984,33.67774,87.42138,0.293585857920305,0.0905614639163898,2.5669162,6.4133883,57.735847,0.683535613873433,0.245208010621185,4.897821,4.897821,344.795118093491,335.10595870018,1.00375533103943,2.12693452835083,,0.5,0.9,419.768614828587,86.79245,2.772085025,7.232956725
2,False,100,False,False,True,dopri5,0.3,0.3,True,2000,86.41509,0.415031246907746,0.102564610772323,7.591371,18.24968,87.04402,0.291106836398729,0.0911205571539128,2.7090366,12.371492,53.710693,0.686262900489997,0.246588207427922,0.5725129,19.127237,282.499504804611,272.917594194412,0.855710029602051,2.00692296028137,,0.2,1,426.22296077013,87.0440225,3.088255175,6.5009535
3,False,100,False,False,True,dopri5,0.3,0.3,True,2000,86.79245,0.382821845147225,0.0950778601735752,6.189186,17.384996,87.04402,0.289889487555271,0.0911653849184007,2.5455291,8.345681,54.08805,0.693337238040645,0.250081208348644,1.2312934,10.738397,338.094263553619,328.264719724655,1.00115656852722,2.02924728393555,,0.6,0.9,426.798186063767,87.35849,2.611415075,6.95965005
0,False,100,False,False,True,dopri5,0.3,0.4,True,2000,86.79245,0.450937139068673,0.106169163808924,8.257479,30.275726,87.04402,0.291122369653444,0.0910086660221299,1.789834,7.0464015,55.723267,0.689351439063093,0.248044490098364,1.142853,3.2296658,275.88586807251,266.012176513672,0.819469451904297,2.16190958023071,,0.3,1,436.016142904759,87.4842765,2.845590475,6.6128462
1,False,100,False,False,True,dopri5,0.3,0.4,True,2000,85.78616,0.364801503676541,0.0994204026998473,7.2213984,33.67774,87.04402,0.297224114638113,0.0910080560472403,2.9725938,5.2975416,57.735847,0.683535613873433,0.245208010621185,4.897821,4.897821,360.937404155731,350.913892745972,0.815991878509522,1.97100472450256,,0.4,1,437.320746719837,87.2012565,2.589225125,9.170522
2,False,100,False,False,True,dopri5,0.3,0.4,True,2000,86.41509,0.415031246907746,0.102564610772323,7.591371,18.24968,86.918236,0.292960815768501,0.0904811455656539,2.4706514,10.432595,53.710693,0.686262900489997,0.246588207427922,0.5725129,19.127237,274.930992364883,265.116932868957,0.740974187850952,1.97179651260376,,0.7,0.3,437.532100021839,87.2012575,2.333747525,9.579031
3,False,100,False,False,True,dopri5,0.3,0.4,True,2000,86.79245,0.382821845147225,0.0950778601735752,6.189186,17.384996,86.666664,0.297394765957057,0.0913497876296677,1.9541271,9.836758,54.08805,0.693337238040645,0.250081208348644,1.2312934,10.738397,349.671268224716,339.44228553772,0.847294807434082,1.97021245956421,,0.5,1,450.940955340862,87.35849,2.189130025,5.401872075
0,False,100,False,False,True,dopri5,0.3,0.5,True,2000,86.79245,0.450937139068673,0.106169163808924,8.257479,30.275726,87.2956,0.288419415280756,0.089449362710754,2.9796214,16.51116,55.723267,0.689351439063093,0.248044490098364,1.142853,3.2296658,301.145817518234,290.542085647583,1.04024982452393,2.07972526550293,,0.6,1,454.231482505798,87.0125775,2.4750849,7.851637575
1,False,100,False,False,True,dopri5,0.3,0.5,True,2000,85.78616,0.364801503676541,0.0994204026998473,7.2213984,33.67774,87.2956,0.288911292672182,0.0879704275592784,3.7848618,6.406307,57.735847,0.683535613873433,0.245208010621185,4.897821,4.897821,367.885608911514,357.631447315216,0.802087545394897,1.90463542938232,,,,,,,
2,False,100,False,False,True,dopri5,0.3,0.5,True,2000,86.41509,0.415031246907746,0.102564610772323,7.591371,18.24968,87.16981,0.290327860951847,0.089271731484065,1.9689404,5.259222,53.710693,0.686262900489997,0.246588207427922,0.5725129,19.127237,291.097847223282,280.660754203796,0.77105188369751,1.95096635818481,,,,,,,
3,False,100,False,False,True,dopri5,0.3,0.5,True,2000,86.79245,0.382821845147225,0.0950778601735752,6.189186,17.384996,86.918236,0.289230028426986,0.0896756689918276,2.0458827,5.014193,54.08805,0.693337238040645,0.250081208348644,1.2312934,10.738397,364.164664268494,353.027209997177,0.85270881652832,1.92984819412231,,,,,,,
0,False,100,False,False,True,dopri5,0.3,0.6,True,2000,86.79245,0.450937139068673,0.106169163808924,8.257479,30.275726,87.04402,0.286069186321582,0.0894341737686119,2.9269385,12.020951,55.723267,0.689351439063093,0.248044490098364,1.142853,3.2296658,306.881658792496,295.884964942932,0.891411542892456,1.97061777114868,,,,,,,
1,False,100,False,False,True,dopri5,0.3,0.6,True,2000,85.78616,0.364801503676541,0.0994204026998473,7.2213984,33.67774,87.2956,0.287245221036821,0.0875758950903481,3.2165494,5.588299,57.735847,0.683535613873433,0.245208010621185,4.897821,4.897821,402.205740690231,391.035392999649,0.956478834152222,1.99823069572449,,,,,,,
2,False,100,False,False,True,dopri5,0.3,0.6,True,2000,86.41509,0.415031246907746,0.102564610772323,7.591371,18.24968,87.04402,0.287944267104482,0.0892919153515422,3.292646,8.296376,53.710693,0.686262900489997,0.246588207427922,0.5725129,19.127237,334.498944997787,323.337827920914,0.849737644195557,1.94637131690979,,,,,,,
3,False,100,False,False,True,dopri5,0.3,0.6,True,2000,86.79245,0.382821845147225,0.0950778601735752,6.189186,17.384996,88.1761,0.293947757372951,0.089431376370752,2.5333931,9.293545,54.08805,0.693337238040645,0.250081208348644,1.2312934,10.738397,391.52818441391,380.230721950531,0.834693193435669,1.9447820186615,,,,,,,
0,False,100,False,False,True,dopri5,0.3,0.7,True,2000,86.79245,0.450937139068673,0.106169163808924,8.257479,30.275726,86.666664,0.285966253374292,0.0895336230207017,2.6855679,14.332589,55.723267,0.689351439063093,0.248044490098364,1.142853,3.2296658,338.669688463211,327.136237382889,0.863579511642456,1.98400449752808,,,,,,,
1,False,100,False,False,True,dopri5,0.3,0.7,True,2000,85.78616,0.364801503676541,0.0994204026998473,7.2213984,33.67774,87.54717,0.293371560839781,0.0894664727458599,3.1569183,5.4821672,57.735847,0.683535613873433,0.245208010621185,4.897821,4.897821,422.685111045837,410.842644929886,0.954297065734863,1.99058556556702,,,,,,,
2,False,100,False,False,True,dopri5,0.3,0.7,True,2000,86.41509,0.415031246907746,0.102564610772323,7.591371,18.24968,86.54088,0.295954983711519,0.0923240579626011,2.4686797,7.820499,53.710693,0.686262900489997,0.246588207427922,0.5725129,19.127237,333.576385974884,321.732345581055,0.796871185302734,1.95981311798096,,,,,,,
3,False,100,False,False,True,dopri5,0.3,0.7,True,2000,86.79245,0.382821845147225,0.0950778601735752,6.189186,17.384996,87.67296,0.290209429962972,0.0891254557764761,2.8585422,7.905245,54.08805,0.693337238040645,0.250081208348644,1.2312934,10.738397,391.924956560135,379.838923692703,0.914463043212891,1.95413184165955,,,,,,,
0,False,100,False,False,True,dopri5,0.3,0.8,True,2000,86.79245,0.450937139068673,0.106169163808924,8.257479,30.275726,86.918236,0.281311218586113,0.088132284733434,3.350781,14.115488,55.723267,0.689351439063093,0.248044490098364,1.142853,3.2296658,353.934478282928,341.219653367996,0.81982684135437,1.99968504905701,,,,,,,
1,False,100,False,False,True,dopri5,0.3,0.8,True,2000,85.78616,0.364801503676541,0.0994204026998473,7.2213984,33.67774,86.79245,0.299527753727827,0.0911001645409708,3.5418856,6.927067,57.735847,0.683535613873433,0.245208010621185,4.897821,4.897821,470.349442720413,457.999725818634,0.772753000259399,1.95859098434448,,,,,,,
2,False,100,False,False,True,dopri5,0.3,0.8,True,2000,86.41509,0.415031246907746,0.102564610772323,7.591371,18.24968,87.2956,0.280975408083664,0.0871814716654292,2.7683253,10.9702,53.710693,0.686262900489997,0.246588207427922,0.5725129,19.127237,362.039598226547,348.86757516861,0.873631477355957,2.53516983985901,,,,,,,
3,False,100,False,False,True,dopri5,0.3,0.8,True,2000,86.79245,0.382821845147225,0.0950778601735752,6.189186,17.384996,87.2956,0.303676560500576,0.0916666882584188,3.2810845,3.5747647,54.08805,0.693337238040645,0.250081208348644,1.2312934,10.738397,424.958775997162,412.297875642777,0.800029516220093,1.96071314811707,,,,,,,
0,False,100,False,False,True,dopri5,0.3,0.9,True,2000,86.79245,0.450937139068673,0.106169163808924,8.257479,30.275726,86.918236,0.287964931903602,0.0895400547492619,2.5286584,8.685711,55.723267,0.689351439063093,0.248044490098364,1.142853,3.2296658,379.795438766479,366.966906785965,0.827708959579468,1.93159675598145,,,,,,,
1,False,100,False,False,True,dopri5,0.3,0.9,True,2000,85.78616,0.364801503676541,0.0994204026998473,7.2213984,33.67774,87.54717,0.290079630925837,0.0885014807367662,4.4861307,8.994609,57.735847,0.683535613873433,0.245208010621185,4.897821,4.897821,470.810819149017,457.757666826248,0.871585369110107,1.97894525527954,,,,,,,
2,False,100,False,False,True,dopri5,0.3,0.9,True,2000,86.41509,0.415031246907746,0.102564610772323,7.591371,18.24968,87.04402,0.28954626606334,0.0894838155306888,2.8485672,5.521643,53.710693,0.686262900489997,0.246588207427922,0.5725129,19.127237,386.938462734222,373.635921478271,0.889844179153442,1.96700525283813,,,,,,,
3,False,100,False,False,True,dopri5,0.3,0.9,True,2000,86.79245,0.382821845147225,0.0950778601735752,6.189186,17.384996,87.54717,0.290502354278703,0.0895637346115918,2.6053867,6.5272927,54.08805,0.693337238040645,0.250081208348644,1.2312934,10.738397,470.876141786575,457.381103992462,0.894302606582642,1.95792722702026,,,,,,,
0,False,100,False,False,True,dopri5,0.3,1,True,2000,86.79245,0.450937139068673,0.106169163808924,8.257479,30.275726,86.918236,0.28578770782311,0.089896518001525,2.5459845,5.26042,55.723267,0.689351439063093,0.248044490098364,1.142853,3.2296658,405.308817148209,390.663163661957,1.04282355308533,2.55375003814697,,,,,,,
1,False,100,False,False,True,dopri5,0.3,1,True,2000,85.78616,0.364801503676541,0.0994204026998473,7.2213984,33.67774,87.54717,0.294229516364347,0.0890686816075665,3.8206518,7.6042414,57.735847,0.683535613873433,0.245208010621185,4.897821,4.897821,502.339361429215,488.367799043655,0.893786430358887,2.15562963485718,,,,,,,
2,False,100,False,False,True,dopri5,0.3,1,True,2000,86.41509,0.415031246907746,0.102564610772323,7.591371,18.24968,87.54717,0.284956783645933,0.0879573860166334,2.3302312,6.9819984,53.710693,0.686262900489997,0.246588207427922,0.5725129,19.127237,409.124363422394,394.137965679169,0.878266572952271,2.13326168060303,,,,,,,
3,False,100,False,False,True,dopri5,0.3,1,True,2000,86.79245,0.382821845147225,0.0950778601735752,6.189186,17.384996,87.92453,0.290257033287346,0.0890459344554811,2.6854944,6.604725,54.08805,0.693337238040645,0.250081208348644,1.2312934,10.738397,487.060847997665,470.895643234253,1.0011465549469,2.46861815452576,,,,,,,
0,False,100,False,False,True,dopri5,0.4,0.3,True,2000,86.79245,0.450937139068673,0.106169163808924,8.257479,30.275726,87.04402,0.292060972711445,0.0909156709101224,1.9804182,8.004546,55.723267,0.689351439063093,0.248044490098364,1.142853,3.2296658,294.83306646347,280.459894657135,0.87399697303772,2.05493783950806,,,,,,,
1,False,100,False,False,True,dopri5,0.4,0.3,True,2000,85.78616,0.364801503676541,0.0994204026998473,7.2213984,33.67774,88.05031,0.286627989490091,0.088106193425689,3.1267357,11.907494,57.735847,0.683535613873433,0.245208010621185,4.897821,4.897821,356.254048347473,341.742568731308,0.837467432022095,2.13849282264709,,,,,,,
2,False,100,False,False,True,dopri5,0.4,0.3,True,2000,86.41509,0.415031246907746,0.102564610772323,7.591371,18.24968,87.16981,0.297010168064571,0.0931800419538475,3.2289433,11.537332,53.710693,0.686262900489997,0.246588207427922,0.5725129,19.127237,306.720395088196,291.760325670242,0.857449054718018,2.15141463279724,,,,,,,
3,False,100,False,False,True,dopri5,0.4,0.3,True,2000,86.79245,0.382821845147225,0.0950778601735752,6.189186,17.384996,86.918236,0.287915970939461,0.0897158322764225,2.3768928,5.6864443,54.08805,0.693337238040645,0.250081208348644,1.2312934,10.738397,369.957563877106,354.83366560936,1.14805269241333,2.2095992565155,,,,,,,
0,False,100,False,False,True,dopri5,0.4,0.4,True,2000,86.79245,0.450937139068673,0.106169163808924,8.257479,30.275726,86.79245,0.286548672890395,0.0898802337249854,2.8497643,9.789324,55.723267,0.689351439063093,0.248044490098364,1.142853,3.2296658,301.396359205246,286.498871803284,0.908352136611939,2.12763047218323,,,,,,,
1,False,100,False,False,True,dopri5,0.4,0.4,True,2000,85.78616,0.364801503676541,0.0994204026998473,7.2213984,33.67774,87.16981,0.28745769308095,0.0899554675220399,3.2504215,6.801319,57.735847,0.683535613873433,0.245208010621185,4.897821,4.897821,368.49475812912,353.278069496155,0.873894691467285,2.08686900138855,,,,,,,
2,False,100,False,False,True,dopri5,0.4,0.4,True,2000,86.41509,0.415031246907746,0.102564610772323,7.591371,18.24968,87.42138,0.296241547807238,0.0910827769788395,1.49625,6.7721424,53.710693,0.686262900489997,0.246588207427922,0.5725129,19.127237,299.827419519424,283.491160869598,0.849462747573853,2.2657995223999,,,,,,,
3,False,100,False,False,True,dopri5,0.4,0.4,True,2000,86.79245,0.382821845147225,0.0950778601735752,6.189186,17.384996,87.2956,0.289356075843266,0.0908753789090159,1.8734097,8.188164,54.08805,0.693337238040645,0.250081208348644,1.2312934,10.738397,373.09814953804,355.95578622818,1.1772198677063,2.52942037582397,,,,,,,
0,False,100,False,False,True,dopri5,0.4,0.5,True,2000,86.79245,0.450937139068673,0.106169163808924,8.257479,30.275726,86.79245,0.295841451529989,0.091038116941405,2.332254,8.633089,55.723267,0.689351439063093,0.248044490098364,1.142853,3.2296658,320.158532381058,302.615775585175,1.30303120613098,2.65580177307129,,,,,,,
1,False,100,False,False,True,dopri5,0.4,0.5,True,2000,85.78616,0.364801503676541,0.0994204026998473,7.2213984,33.67774,87.04402,0.291309708154431,0.0888807559008808,3.264322,7.146466,57.735847,0.683535613873433,0.245208010621185,4.897821,4.897821,387.154628038406,370.3948969841,1.31360411643982,2.35552406311035,,,,,,,
2,False,100,False,False,True,dopri5,0.4,0.5,True,2000,86.41509,0.415031246907746,0.102564610772323,7.591371,18.24968,87.16981,0.290990586371188,0.0906246983063458,3.7747152,16.953724,53.710693,0.686262900489997,0.246588207427922,0.5725129,19.127237,308.106458425522,292.466680288315,0.96420168876648,2.15713214874268,,,,,,,
3,False,100,False,False,True,dopri5,0.4,0.5,True,2000,86.79245,0.382821845147225,0.0950778601735752,6.189186,17.384996,87.04402,0.293270656002587,0.0908416985013211,3.2852125,11.748987,54.08805,0.693337238040645,0.250081208348644,1.2312934,10.738397,392.89401102066,377.252999782562,0.928179025650024,2.14983320236206,,,,,,,
0,False,100,False,False,True,dopri5,0.4,0.6,True,2000,86.79245,0.450937139068673,0.106169163808924,8.257479,30.275726,86.41509,0.293359497311125,0.0902370671458696,3.2036514,15.067667,55.723267,0.689351439063093,0.248044490098364,1.142853,3.2296658,340.287350177765,324.436058998108,0.874524593353272,2.09586381912231,,,,,,,
1,False,100,False,False,True,dopri5,0.4,0.6,True,2000,85.78616,0.364801503676541,0.0994204026998473,7.2213984,33.67774,86.666664,0.288793898554422,0.0891860931136169,3.307114,7.143876,57.735847,0.683535613873433,0.245208010621185,4.897821,4.897821,405.255896568298,388.58688378334,1.28261685371399,2.27647471427917,,,,,,,
2,False,100,False,False,True,dopri5,0.4,0.6,True,2000,86.41509,0.415031246907746,0.102564610772323,7.591371,18.24968,86.28931,0.285569356999307,0.0898965169386658,3.8352013,14.513016,53.710693,0.686262900489997,0.246588207427922,0.5725129,19.127237,337.099390983582,320.789800882339,0.95454216003418,2.223384141922,,,,,,,
3,False,100,False,False,True,dopri5,0.4,0.6,True,2000,86.79245,0.382821845147225,0.0950778601735752,6.189186,17.384996,86.79245,0.294439808876131,0.0907684841106227,2.612796,6.3358126,54.08805,0.693337238040645,0.250081208348644,1.2312934,10.738397,400.97093462944,384.214365959167,1.0415472984314,2.58801627159119,,,,,,,
0,False,100,False,False,True,dopri5,0.4,0.7,True,2000,86.79245,0.450937139068673,0.106169163808924,8.257479,30.275726,86.79245,0.292279285976865,0.0899167106896212,2.38268,7.881415,55.723267,0.689351439063093,0.248044490098364,1.142853,3.2296658,347.836528778076,332.061457395554,0.839903116226196,2.05546259880066,,,,,,,
1,False,100,False,False,True,dopri5,0.4,0.7,True,2000,85.78616,0.364801503676541,0.0994204026998473,7.2213984,33.67774,87.04402,0.292701357490651,0.089966119874411,3.1419256,7.418227,57.735847,0.683535613873433,0.245208010621185,4.897821,4.897821,431.891551733017,415.917674541473,0.951579570770264,2.00311017036438,,,,,,,
2,False,100,False,False,True,dopri5,0.4,0.7,True,2000,86.41509,0.415031246907746,0.102564610772323,7.591371,18.24968,86.79245,0.291928605796023,0.0907345421249079,2.0232651,3.7249684,53.710693,0.686262900489997,0.246588207427922,0.5725129,19.127237,362.967808008194,346.814852952957,0.982343435287476,2.10615730285645,,,,,,,
3,False,100,False,False,True,dopri5,0.4,0.7,True,2000,86.79245,0.382821845147225,0.0950778601735752,6.189186,17.384996,86.918236,0.291286505986944,0.0910146690156685,1.471501,3.6690474,54.08805,0.693337238040645,0.250081208348644,1.2312934,10.738397,406.996017694473,390.756241798401,0.940600156784058,2.06425380706787,,,,,,,
0,False,100,False,False,True,dopri5,0.4,0.8,True,2000,86.79245,0.450937139068673,0.106169163808924,8.257479,30.275726,86.79245,0.290054311760848,0.0905962047146854,2.332855,9.122962,55.723267,0.689351439063093,0.248044490098364,1.142853,3.2296658,358.414695262909,342.314613103867,0.739033937454224,2.04626083374023,,,,,,,
1,False,100,False,False,True,dopri5,0.4,0.8,True,2000,85.78616,0.364801503676541,0.0994204026998473,7.2213984,33.67774,87.16981,0.285722814744821,0.0878490970803038,2.7345514,7.626754,57.735847,0.683535613873433,0.245208010621185,4.897821,4.897821,467.836926221848,451.289842605591,0.839716196060181,2.32865142822266,,,,,,,
2,False,100,False,False,True,dopri5,0.4,0.8,True,2000,86.41509,0.415031246907746,0.102564610772323,7.591371,18.24968,86.918236,0.290620487264536,0.0905114153559428,2.9924335,8.633905,53.710693,0.686262900489997,0.246588207427922,0.5725129,19.127237,382.658099889755,366.385517835617,0.889389514923096,1.97649574279785,,,,,,,
3,False,100,False,False,True,dopri5,0.4,0.8,True,2000,86.79245,0.382821845147225,0.0950778601735752,6.189186,17.384996,87.16981,0.286186264057843,0.0880108169231666,2.433559,2.9581308,54.08805,0.693337238040645,0.250081208348644,1.2312934,10.738397,385.530642986298,369.020308017731,0.808159828186035,2.09129333496094,,,,,,,
0,False,100,False,False,True,dopri5,0.4,0.9,True,2000,86.79245,0.450937139068673,0.106169163808924,8.257479,30.275726,86.54088,0.274969397965007,0.0858174267582296,3.2451894,17.11819,55.723267,0.689351439063093,0.248044490098364,1.142853,3.2296658,390.624415397644,373.95812869072,0.822156429290772,1.99884724617004,,,,,,,
1,False,100,False,False,True,dopri5,0.4,0.9,True,2000,85.78616,0.364801503676541,0.0994204026998473,7.2213984,33.67774,87.79874,0.283898386889881,0.0870913549463999,2.745259,4.628527,57.735847,0.683535613873433,0.245208010621185,4.897821,4.897821,466.318162202835,449.479104995728,0.836827993392944,2.05691933631897,,,,,,,
2,False,100,False,False,True,dopri5,0.4,0.9,True,2000,86.41509,0.415031246907746,0.102564610772323,7.591371,18.24968,87.42138,0.284347205540266,0.0884504063896051,2.5840497,6.8632603,53.710693,0.686262900489997,0.246588207427922,0.5725129,19.127237,396.993685007095,379.982446193695,0.845650196075439,2.12130451202393,,,,,,,
3,False,100,False,False,True,dopri5,0.4,0.9,True,2000,86.79245,0.382821845147225,0.0950778601735752,6.189186,17.384996,87.42138,0.287057197527996,0.0880420091488673,2.4046175,4.6854854,54.08805,0.693337238040645,0.250081208348644,1.2312934,10.738397,427.835169553757,410.76423406601,0.875244140625,2.08977317810059,,,,,,,
0,False,100,False,False,True,dopri5,0.4,1,True,2000,86.79245,0.450937139068673,0.106169163808924,8.257479,30.275726,86.918236,0.289886950714573,0.0903710460720127,2.2347965,7.725996,55.723267,0.689351439063093,0.248044490098364,1.142853,3.2296658,420.00576710701,402.71986413002,0.864014863967896,2.16423153877258,,,,,,,
1,False,100,False,False,True,dopri5,0.4,1,True,2000,85.78616,0.364801503676541,0.0994204026998473,7.2213984,33.67774,87.2956,0.290529136633748,0.0902396563195116,2.7814138,8.698434,57.735847,0.683535613873433,0.245208010621185,4.897821,4.897821,481.410351037979,463.901894569397,0.883535385131836,2.2076301574707,,,,,,,
2,False,100,False,False,True,dopri5,0.4,1,True,2000,86.41509,0.415031246907746,0.102564610772323,7.591371,18.24968,87.16981,0.287267025390823,0.0898422365647283,2.3913872,9.500212,53.710693,0.686262900489997,0.246588207427922,0.5725129,19.127237,421.469465017319,403.82998418808,1.0173168182373,2.039470911026,,,,,,,
3,False,100,False,False,True,dopri5,0.4,1,True,2000,86.79245,0.382821845147225,0.0950778601735752,6.189186,17.384996,87.42138,0.281650117411965,0.0867944356233266,2.949303,10.757446,54.08805,0.693337238040645,0.250081208348644,1.2312934,10.738397,496.349138259888,478.831243991852,0.824164390563965,1.9805760383606,,,,,,,
0,False,100,False,False,True,dopri5,0.5,0.3,True,2000,86.79245,0.450937139068673,0.106169163808924,8.257479,30.275726,86.666664,0.283082073175283,0.0896032968293656,2.5176163,10.681068,55.723267,0.689351439063093,0.248044490098364,1.142853,3.2296658,314.073975086212,296.269971132278,0.840499401092529,2.06541013717651,,,,,,,
1,False,100,False,False,True,dopri5,0.5,0.3,True,2000,85.78616,0.364801503676541,0.0994204026998473,7.2213984,33.67774,87.54717,0.291012112521831,0.0899307380839489,2.4035518,6.6656647,57.735847,0.683535613873433,0.245208010621185,4.897821,4.897821,381.83031129837,363.842097043991,0.893442392349243,2.10530853271484,,,,,,,
2,False,100,False,False,True,dopri5,0.5,0.3,True,2000,86.41509,0.415031246907746,0.102564610772323,7.591371,18.24968,86.28931,0.287636607787413,0.0904574788740769,2.9666996,10.703564,53.710693,0.686262900489997,0.246588207427922,0.5725129,19.127237,329.056565761566,310.943601846695,0.838742971420288,2.09881782531738,,,,,,,
3,False,100,False,False,True,dopri5,0.5,0.3,True,2000,86.79245,0.382821845147225,0.0950778601735752,6.189186,17.384996,87.16981,0.290238623000921,0.0898323845312732,1.4633011,6.4136624,54.08805,0.693337238040645,0.250081208348644,1.2312934,10.738397,380.032438993454,361.652955055237,0.958726167678833,2.11260414123535,,,,,,,
0,False,100,False,False,True,dopri5,0.5,0.4,True,2000,86.79245,0.450937139068673,0.106169163808924,8.257479,30.275726,87.2956,0.292763099282468,0.0899664754401686,1.7986864,4.8868656,55.723267,0.689351439063093,0.248044490098364,1.142853,3.2296658,320.230249643326,301.957303285599,0.80872106552124,2.00874805450439,,,,,,,
1,False,100,False,False,True,dopri5,0.5,0.4,True,2000,85.78616,0.364801503676541,0.0994204026998473,7.2213984,33.67774,87.04402,0.282210275026053,0.0871738194946098,2.9164414,7.413006,57.735847,0.683535613873433,0.245208010621185,4.897821,4.897821,388.53147816658,370.048228740692,0.920636415481567,1.99086904525757,,,,,,,
2,False,100,False,False,True,dopri5,0.5,0.4,True,2000,86.41509,0.415031246907746,0.102564610772323,7.591371,18.24968,87.04402,0.29197270698275,0.0912221404136299,2.6315987,8.054465,53.710693,0.686262900489997,0.246588207427922,0.5725129,19.127237,317.29860496521,298.481825590134,0.850770235061646,2.20595788955688,,,,,,,
3,False,100,False,False,True,dopri5,0.5,0.4,True,2000,86.79245,0.382821845147225,0.0950778601735752,6.189186,17.384996,87.67296,0.283033482979993,0.0880525123308759,2.8659868,9.448451,54.08805,0.693337238040645,0.250081208348644,1.2312934,10.738397,397.780905246735,378.957664489746,0.866585493087769,2.12240076065063,,,,,,,
0,False,100,False,False,True,dopri5,0.5,0.5,True,2000,86.79245,0.450937139068673,0.106169163808924,8.257479,30.275726,87.16981,0.28912840905947,0.0905584883153471,2.4389825,9.0680895,55.723267,0.689351439063093,0.248044490098364,1.142853,3.2296658,334.385991096497,315.469653606415,0.807402610778809,2.07072472572327,,,,,,,
1,False,100,False,False,True,dopri5,0.5,0.5,True,2000,85.78616,0.364801503676541,0.0994204026998473,7.2213984,33.67774,86.666664,0.290486699366046,0.0897519063395999,2.832682,9.067512,57.735847,0.683535613873433,0.245208010621185,4.897821,4.897821,409.749157190323,390.616714715958,0.877561807632446,2.11842346191406,,,,,,,
2,False,100,False,False,True,dopri5,0.5,0.5,True,2000,86.41509,0.415031246907746,0.102564610772323,7.591371,18.24968,86.918236,0.295237373473522,0.0922380777146992,2.325771,9.121286,53.710693,0.686262900489997,0.246588207427922,0.5725129,19.127237,345.220130443573,325.913568496704,0.935721158981323,2.04497623443604,,,,,,,
3,False,100,False,False,True,dopri5,0.5,0.5,True,2000,86.79245,0.382821845147225,0.0950778601735752,6.189186,17.384996,87.16981,0.286578020864322,0.0880525253244172,2.7885656,7.4006677,54.08805,0.693337238040645,0.250081208348644,1.2312934,10.738397,448.108562231064,428.771367788315,0.851324558258057,2.06962561607361,,,,,,,
0,False,100,False,False,True,dopri5,0.5,0.6,True,2000,86.79245,0.450937139068673,0.106169163808924,8.257479,30.275726,86.918236,0.286769556396711,0.0896743120573884,3.4084558,8.959496,55.723267,0.689351439063093,0.248044490098364,1.142853,3.2296658,341.936538934708,322.291862249374,0.947926759719849,2.0486752986908,,,,,,,
1,False,100,False,False,True,dopri5,0.5,0.6,True,2000,85.78616,0.364801503676541,0.0994204026998473,7.2213984,33.67774,88.05031,0.286927847171765,0.086887353222552,3.4803066,9.623713,57.735847,0.683535613873433,0.245208010621185,4.897821,4.897821,435.865162611008,416.213509321213,0.8393394947052,2.04303503036499,,,,,,,
2,False,100,False,False,True,dopri5,0.5,0.6,True,2000,86.41509,0.415031246907746,0.102564610772323,7.591371,18.24968,87.92453,0.290552884287157,0.0899892938595383,3.2876208,13.876015,53.710693,0.686262900489997,0.246588207427922,0.5725129,19.127237,354.153054237366,333.197585582733,0.883441686630249,2.0313732624054,,,,,,,
3,False,100,False,False,True,dopri5,0.5,0.6,True,2000,86.79245,0.382821845147225,0.0950778601735752,6.189186,17.384996,86.666664,0.298037244125543,0.091021688257384,2.0273225,5.9212356,54.08805,0.693337238040645,0.250081208348644,1.2312934,10.738397,390.121827840805,370.212629079819,0.844333648681641,2.03333592414856,,,,,,,
0,False,100,False,False,True,dopri5,0.5,0.7,True,2000,86.79245,0.450937139068673,0.106169163808924,8.257479,30.275726,87.16981,0.289904944533428,0.0903559998160124,2.005281,5.3902206,55.723267,0.689351439063093,0.248044490098364,1.142853,3.2296658,363.000486135483,342.984881639481,0.856241464614868,1.9691264629364,,,,,,,
1,False,100,False,False,True,dopri5,0.5,0.7,True,2000,85.78616,0.364801503676541,0.0994204026998473,7.2213984,33.67774,86.666664,0.297626406513617,0.091585697204974,2.563363,5.8861732,57.735847,0.683535613873433,0.245208010621185,4.897821,4.897821,455.814604043961,435.567349433899,0.952457666397095,2.01263189315796,,,,,,,
2,False,100,False,False,True,dopri5,0.5,0.7,True,2000,86.41509,0.415031246907746,0.102564610772323,7.591371,18.24968,87.04402,0.295361020637297,0.0911188926127378,2.73634,10.204506,53.710693,0.686262900489997,0.246588207427922,0.5725129,19.127237,392.842266082764,372.371343374252,0.825675010681152,2.1519033908844,,,,,,,
3,False,100,False,False,True,dopri5,0.5,0.7,True,2000,86.79245,0.382821845147225,0.0950778601735752,6.189186,17.384996,86.918236,0.290416064963281,0.0904141419595589,2.3648458,7.638037,54.08805,0.693337238040645,0.250081208348644,1.2312934,10.738397,416.193605184555,395.664612054825,0.763720035552979,2.1151852607727,,,,,,,
0,False,100,False,False,True,dopri5,0.5,0.8,True,2000,86.79245,0.450937139068673,0.106169163808924,8.257479,30.275726,87.04402,0.293679326434674,0.0905127718754747,2.083099,15.360552,55.723267,0.689351439063093,0.248044490098364,1.142853,3.2296658,387.035656452179,366.408974647522,0.877443075180054,2.01466035842895,,,,,,,
1,False,100,False,False,True,dopri5,0.5,0.8,True,2000,85.78616,0.364801503676541,0.0994204026998473,7.2213984,33.67774,87.2956,0.28794960857178,0.0892667689216921,2.4255958,5.0865173,57.735847,0.683535613873433,0.245208010621185,4.897821,4.897821,456.520407676697,435.63517832756,0.839893341064453,2.20945143699646,,,,,,,
2,False,100,False,False,True,dopri5,0.5,0.8,True,2000,86.41509,0.415031246907746,0.102564610772323,7.591371,18.24968,87.16981,0.291284735560089,0.0904716114206824,1.9790348,10.219592,53.710693,0.686262900489997,0.246588207427922,0.5725129,19.127237,388.276763916016,367.490401506424,0.853258371353149,1.97315764427185,,,,,,,
3,False,100,False,False,True,dopri5,0.5,0.8,True,2000,86.79245,0.382821845147225,0.0950778601735752,6.189186,17.384996,87.67296,0.290034819267418,0.0892802491844119,2.747121,7.621211,54.08805,0.693337238040645,0.250081208348644,1.2312934,10.738397,410.766928195953,389.676666259766,0.892004013061523,2.08766102790833,,,,,,,
0,False,100,False,False,True,dopri5,0.5,0.9,True,2000,86.79245,0.450937139068673,0.106169163808924,8.257479,30.275726,86.666664,0.291006544016099,0.0902424629917979,2.7023253,9.798503,55.723267,0.689351439063093,0.248044490098364,1.142853,3.2296658,399.720823764801,378.387184619904,0.8369460105896,2.14636778831482,,,,,,,
1,False,100,False,False,True,dopri5,0.5,0.9,True,2000,85.78616,0.364801503676541,0.0994204026998473,7.2213984,33.67774,86.666664,0.28669376070624,0.0883505577782877,3.4891355,7.8999224,57.735847,0.683535613873433,0.245208010621185,4.897821,4.897821,477.176938533783,455.914496660233,0.833784818649292,2.02235245704651,,,,,,,
2,False,100,False,False,True,dopri5,0.5,0.9,True,2000,86.41509,0.415031246907746,0.102564610772323,7.591371,18.24968,86.918236,0.29258381837455,0.0909762397548734,2.4850183,7.054198,53.710693,0.686262900489997,0.246588207427922,0.5725129,19.127237,416.096019983292,394.644125461578,0.825534820556641,2.02525186538696,,,,,,,
3,False,100,False,False,True,dopri5,0.5,0.9,True,2000,86.79245,0.382821845147225,0.0950778601735752,6.189186,17.384996,86.918236,0.295742409862813,0.0903050169941192,2.411861,4.1792035,54.08805,0.693337238040645,0.250081208348644,1.2312934,10.738397,473.074340343475,450.128652572632,0.799530029296875,2.0554039478302,,,,,,,
0,False,100,False,False,True,dopri5,0.5,1,True,2000,86.79245,0.450937139068673,0.106169163808924,8.257479,30.275726,87.2956,0.283965009189981,0.0882018947141868,2.285584,6.9749117,55.723267,0.689351439063093,0.248044490098364,1.142853,3.2296658,441.944821119308,420.152774810791,0.751128196716309,2.1572687625885,,,,,,,
1,False,100,False,False,True,dopri5,0.5,1,True,2000,85.78616,0.364801503676541,0.0994204026998473,7.2213984,33.67774,87.54717,0.283477782328913,0.0869390581491364,2.1912825,3.845632,57.735847,0.683535613873433,0.245208010621185,4.897821,4.897821,515.218937397003,493.404012918472,0.780637502670288,2.03417205810547,,,,,,,
2,False,100,False,False,True,dopri5,0.5,1,True,2000,86.41509,0.415031246907746,0.102564610772323,7.591371,18.24968,87.16981,0.288498712388273,0.0903514029764818,1.9215256,7.763797,53.710693,0.686262900489997,0.246588207427922,0.5725129,19.127237,449.186922073364,427.058476209641,0.787766456604004,2.08312177658081,,,,,,,
3,False,100,False,False,True,dopri5,0.5,1,True,2000,86.79245,0.382821845147225,0.0950778601735752,6.189186,17.384996,87.42138,0.28420845513161,0.0872204526798955,2.358128,3.0231476,54.08805,0.693337238040645,0.250081208348644,1.2312934,10.738397,485.42486000061,463.148557424545,0.932998657226563,1.97059178352356,,,,,,,
0,False,100,False,False,True,dopri5,0.6,0.3,True,2000,86.79245,0.450937139068673,0.106169163808924,8.257479,30.275726,86.28931,0.287405300242697,0.0902868357048622,3.0756555,13.7016325,55.723267,0.689351439063093,0.248044490098364,1.142853,3.2296658,329.298916578293,306.895569086075,0.91837477684021,2.07877492904663,,,,,,,
1,False,100,False,False,True,dopri5,0.6,0.3,True,2000,85.78616,0.364801503676541,0.0994204026998473,7.2213984,33.67774,86.666664,0.286579911858667,0.0891028492935479,2.96607,9.752756,57.735847,0.683535613873433,0.245208010621185,4.897821,4.897821,395.884023666382,373.444503545761,0.819299221038818,1.99690341949463,,,,,,,
2,False,100,False,False,True,dopri5,0.6,0.3,True,2000,86.41509,0.415031246907746,0.102564610772323,7.591371,18.24968,87.2956,0.289569225519307,0.0906155402474904,2.18424,8.873153,53.710693,0.686262900489997,0.246588207427922,0.5725129,19.127237,334.042734861374,311.383451461792,0.777623176574707,2.15546989440918,,,,,,,
3,False,100,False,False,True,dopri5,0.6,0.3,True,2000,86.79245,0.382821845147225,0.0950778601735752,6.189186,17.384996,87.04402,0.291723339568577,0.0907677279685644,2.5577064,5.071288,54.08805,0.693337238040645,0.250081208348644,1.2312934,10.738397,405.340488195419,382.585795879364,0.78030276298523,2.07132935523987,,,,,,,
0,False,100,False,False,True,dopri5,0.6,0.4,True,2000,86.79245,0.450937139068673,0.106169163808924,8.257479,30.275726,86.79245,0.285429890705003,0.0887293381860811,2.831082,9.726662,55.723267,0.689351439063093,0.248044490098364,1.142853,3.2296658,348.398188114166,325.343215227127,0.929372072219849,2.11208891868591,,,,,,,
1,False,100,False,False,True,dopri5,0.6,0.4,True,2000,85.78616,0.364801503676541,0.0994204026998473,7.2213984,33.67774,87.42138,0.294842754493539,0.0894792936090394,1.9571586,5.009794,57.735847,0.683535613873433,0.245208010621185,4.897821,4.897821,406.824941635132,383.782090425491,0.816704034805298,2.0818145275116,,,,,,,
2,False,100,False,False,True,dopri5,0.6,0.4,True,2000,86.41509,0.415031246907746,0.102564610772323,7.591371,18.24968,87.42138,0.298455774073429,0.0917911469253911,3.1397893,10.424119,53.710693,0.686262900489997,0.246588207427922,0.5725129,19.127237,335.33359503746,312.257846832275,0.775914192199707,1.98943185806274,,,,,,,
3,False,100,False,False,True,dopri5,0.6,0.4,True,2000,86.79245,0.382821845147225,0.0950778601735752,6.189186,17.384996,86.666664,0.284230112654879,0.0886056414454843,2.781766,13.108966,54.08805,0.693337238040645,0.250081208348644,1.2312934,10.738397,416.778297185898,393.28028678894,0.950070858001709,2.01366925239563,,,,,,,
0,False,100,False,False,True,dopri5,0.6,0.5,True,2000,86.79245,0.450937139068673,0.106169163808924,8.257479,30.275726,86.666664,0.290993719263182,0.0913209956019151,2.5454586,8.843077,55.723267,0.689351439063093,0.248044490098364,1.142853,3.2296658,357.387199401855,332.465833425522,0.782077789306641,2.06714200973511,,,,,,,
1,False,100,False,False,True,dopri5,0.6,0.5,True,2000,85.78616,0.364801503676541,0.0994204026998473,7.2213984,33.67774,86.918236,0.284894798574789,0.0887401914475131,2.6254592,7.8072906,57.735847,0.683535613873433,0.245208010621185,4.897821,4.897821,407.763563394547,384.05947136879,0.824694156646729,2.11339664459229,,,,,,,
2,False,100,False,False,True,dopri5,0.6,0.5,True,2000,86.41509,0.415031246907746,0.102564610772323,7.591371,18.24968,87.04402,0.290537625640685,0.0901658382101817,2.3425908,12.022055,53.710693,0.686262900489997,0.246588207427922,0.5725129,19.127237,356.983479261398,332.971893310547,0.866057395935059,2.20629405975342,,,,,,,
3,False,100,False,False,True,dopri5,0.6,0.5,True,2000,86.79245,0.382821845147225,0.0950778601735752,6.189186,17.384996,87.2956,0.288537996931028,0.0890272317846146,2.0522614,5.003172,54.08805,0.693337238040645,0.250081208348644,1.2312934,10.738397,422.723656415939,398.802642583847,0.796200275421143,2.09648513793945,,,,,,,
0,False,100,False,False,True,dopri5,0.6,0.6,True,2000,86.79245,0.450937139068673,0.106169163808924,8.257479,30.275726,87.04402,0.290828931450001,0.0906329847633265,1.5765965,6.0052576,55.723267,0.689351439063093,0.248044490098364,1.142853,3.2296658,362.929947376251,338.778079032898,0.843927621841431,2.05957651138306,,,,,,,
1,False,100,False,False,True,dopri5,0.6,0.6,True,2000,85.78616,0.364801503676541,0.0994204026998473,7.2213984,33.67774,86.79245,0.29320802448169,0.0905735143445797,2.7001731,4.559511,57.735847,0.683535613873433,0.245208010621185,4.897821,4.897821,436.521463394165,412.055982112885,0.784884929656982,2.22334980964661,,,,,,,
2,False,100,False,False,True,dopri5,0.6,0.6,True,2000,86.41509,0.415031246907746,0.102564610772323,7.591371,18.24968,86.79245,0.291180256608659,0.0912186655990837,2.7200189,10.3537855,53.710693,0.686262900489997,0.246588207427922,0.5725129,19.127237,361.565118312836,337.01549077034,0.891311645507813,2.11174249649048,,,,,,,
3,False,100,False,False,True,dopri5,0.6,0.6,True,2000,86.79245,0.382821845147225,0.0950778601735752,6.189186,17.384996,88.1761,0.285275979660054,0.0873320734920596,3.0461316,10.77599,54.08805,0.693337238040645,0.250081208348644,1.2312934,10.738397,420.212277650833,395.647537708282,0.79704213142395,2.05452132225037,,,,,,,
0,False,100,False,False,True,dopri5,0.6,0.7,True,2000,86.79245,0.450937139068673,0.106169163808924,8.257479,30.275726,86.037735,0.289483388534369,0.0900875305732691,3.354584,20.579302,55.723267,0.689351439063093,0.248044490098364,1.142853,3.2296658,397.397775173187,372.532311916351,0.85944128036499,2.21201968193054,,,,,,,
1,False,100,False,False,True,dopri5,0.6,0.7,True,2000,85.78616,0.364801503676541,0.0994204026998473,7.2213984,33.67774,87.04402,0.290637582799008,0.0882063240650288,3.7404544,9.689766,57.735847,0.683535613873433,0.245208010621185,4.897821,4.897821,487.794148921967,462.829137086868,0.907269239425659,2.10530805587769,,,,,,,
2,False,100,False,False,True,dopri5,0.6,0.7,True,2000,86.41509,0.415031246907746,0.102564610772323,7.591371,18.24968,87.04402,0.291542896757664,0.0905462645837851,3.1103792,9.439212,53.710693,0.686262900489997,0.246588207427922,0.5725129,19.127237,386.274762868881,361.230186700821,0.859782695770264,2.08320450782776,,,,,,,
3,False,100,False,False,True,dopri5,0.6,0.7,True,2000,86.79245,0.382821845147225,0.0950778601735752,6.189186,17.384996,86.41509,0.294904773747658,0.0909495318998515,3.5595026,7.885048,54.08805,0.693337238040645,0.250081208348644,1.2312934,10.738397,429.547930002213,404.308075666428,0.90021538734436,2.1186146736145,,,,,,,
0,False,100,False,False,True,dopri5,0.6,0.8,True,2000,86.79245,0.450937139068673,0.106169163808924,8.257479,30.275726,87.04402,0.28980747939478,0.089985429982825,2.1363378,10.214769,55.723267,0.689351439063093,0.248044490098364,1.142853,3.2296658,409.962585449219,384.655705690384,0.827365159988403,2.09500694274902,,,,,,,
1,False,100,False,False,True,dopri5,0.6,0.8,True,2000,85.78616,0.364801503676541,0.0994204026998473,7.2213984,33.67774,86.666664,0.29188466452565,0.0895181560423377,2.842138,7.9132137,57.735847,0.683535613873433,0.245208010621185,4.897821,4.897821,486.8873462677,461.020492076874,0.864823579788208,2.02294659614563,,,,,,,
2,False,100,False,False,True,dopri5,0.6,0.8,True,2000,86.41509,0.415031246907746,0.102564610772323,7.591371,18.24968,86.666664,0.2927911766553,0.0922931393096235,3.0483787,12.503034,53.710693,0.686262900489997,0.246588207427922,0.5725129,19.127237,431.320608615875,405.09463596344,0.931575298309326,2.11823725700378,,,,,,,
3,False,100,False,False,True,dopri5,0.6,0.8,True,2000,86.79245,0.382821845147225,0.0950778601735752,6.189186,17.384996,86.79245,0.291973030082737,0.0896551571194784,2.2557518,6.205544,54.08805,0.693337238040645,0.250081208348644,1.2312934,10.738397,447.609972715378,419.488331079483,0.927933931350708,2.20226073265076,,,,,,,
0,False,100,False,False,True,dopri5,0.6,0.9,True,2000,86.79245,0.450937139068673,0.106169163808924,8.257479,30.275726,86.79245,0.287748090442936,0.0904323366456091,2.9164922,8.8137865,55.723267,0.689351439063093,0.248044490098364,1.142853,3.2296658,427.634028434753,400.909116506577,1.06544399261475,2.17131662368774,,,,,,,
1,False,100,False,False,True,dopri5,0.6,0.9,True,2000,85.78616,0.364801503676541,0.0994204026998473,7.2213984,33.67774,87.42138,0.290395926649626,0.0894926182143897,2.5553398,4.363555,57.735847,0.683535613873433,0.245208010621185,4.897821,4.897821,477.416098833084,450.520745515823,1.08653879165649,2.21214270591736,,,,,,,
2,False,100,False,False,True,dopri5,0.6,0.9,True,2000,86.41509,0.415031246907746,0.102564610772323,7.591371,18.24968,87.67296,0.287928273605292,0.090088279570129,2.3680313,10.8109,53.710693,0.686262900489997,0.246588207427922,0.5725129,19.127237,460.277365922928,432.975152254105,1.10792803764343,2.42618823051453,,,,,,,
3,False,100,False,False,True,dopri5,0.6,0.9,True,2000,86.79245,0.382821845147225,0.0950778601735752,6.189186,17.384996,87.54717,0.289694817508599,0.0884672504919332,2.605797,3.8503587,54.08805,0.693337238040645,0.250081208348644,1.2312934,10.738397,451.050787210465,422.787729978561,1.08075952529907,2.80521440505981,,,,,,,
0,False,100,False,False,True,dopri5,0.6,1,True,2000,86.79245,0.450937139068673,0.106169163808924,8.257479,30.275726,87.16981,0.291902808844958,0.0901160031795878,2.6277473,7.899928,55.723267,0.689351439063093,0.248044490098364,1.142853,3.2296658,455.35665345192,426.570130586624,1.10430192947388,3.25997567176819,,,,,,,
1,False,100,False,False,True,dopri5,0.6,1,True,2000,85.78616,0.364801503676541,0.0994204026998473,7.2213984,33.67774,86.666664,0.293722626467643,0.0884885346721859,2.5049691,8.811819,57.735847,0.683535613873433,0.245208010621185,4.897821,4.897821,501.750194311142,473.254020929337,1.24883055686951,2.49942350387573,,,,,,,
2,False,100,False,False,True,dopri5,0.6,1,True,2000,86.41509,0.415031246907746,0.102564610772323,7.591371,18.24968,87.2956,0.283578943856408,0.0881442313718995,2.6768348,6.3531933,53.710693,0.686262900489997,0.246588207427922,0.5725129,19.127237,461.331382274628,430.746432304382,1.2594850063324,2.78773427009583,,,,,,,
3,False,100,False,False,True,dopri5,0.6,1,True,2000,86.79245,0.382821845147225,0.0950778601735752,6.189186,17.384996,86.918236,0.292814165776231,0.0904753904651479,2.0907884,8.34161,54.08805,0.693337238040645,0.250081208348644,1.2312934,10.738397,525.386904716492,486.35534620285,1.74025893211365,10.100958108902,,,,,,,
0,False,100,False,False,True,dopri5,0.7,0.3,True,2000,86.79245,0.450937139068673,0.106169163808924,8.257479,30.275726,87.04402,0.288505615688416,0.0898851455416318,2.1926332,8.923316,55.723267,0.689351439063093,0.248044490098364,1.142853,3.2296658,361.272132635117,327.215399503708,1.94058394432068,5.67108774185181,,,,,,,
1,False,100,False,False,True,dopri5,0.7,0.3,True,2000,85.78616,0.364801503676541,0.0994204026998473,7.2213984,33.67774,87.16981,0.284434472600248,0.0885586554103298,2.3470166,7.940185,57.735847,0.683535613873433,0.245208010621185,4.897821,4.897821,428.476771354675,397.656233787537,1.26016902923584,3.71110606193542,,,,,,,
2,False,100,False,False,True,dopri5,0.7,0.3,True,2000,86.41509,0.415031246907746,0.102564610772323,7.591371,18.24968,87.2956,0.286302969896641,0.0905436951601268,2.471982,8.02682,53.710693,0.686262900489997,0.246588207427922,0.5725129,19.127237,388.462757587433,351.369998693466,1.27442574501038,7.48117995262146,,,,,,,
3,False,100,False,False,True,dopri5,0.7,0.3,True,2000,86.79245,0.382821845147225,0.0950778601735752,6.189186,17.384996,87.2956,0.293178816143948,0.0910784252557297,2.3233583,13.425803,54.08805,0.693337238040645,0.250081208348644,1.2312934,10.738397,714.155325174332,673.886768102646,2.03729820251465,11.0851144790649,,,,,,,
0,False,100,False,False,True,dopri5,0.7,0.4,True,2000,86.79245,0.450937139068673,0.106169163808924,8.257479,30.275726,86.918236,0.285488298190673,0.0892379038737175,2.760777,8.037087,55.723267,0.689351439063093,0.248044490098364,1.142853,3.2296658,353.018419981003,324.959539651871,1.00803756713867,1.98637771606445,,,,,,,
